año,descripción,precio,cilindros,link
2015,Smart,Fortwo,169000,3,https://soloautos.mx/usado/autos/2015-Smart-Fortwo-Cabriolet-Passion/SA-AD-89097931
2012,Toyota,Yaris,139999,4,https://soloautos.mx/usado/autos/2012-Toyota-Yaris-Sedan-Premium-AT/SA-AD-89102375
2015,Nissan,Note,180000,4,https://soloautos.mx/usado/autos/2015-Nissan-Note-1-6-Advance-TM/SA-AD-89078964
2016,Volkswagen,Vento,159900,4,https://soloautos.mx/usado/autos/2016-Volkswagen-Vento-Startline-Tiptronic/SA-AD-89045804
2017,Volkswagen,up!,199900,3,https://soloautos.mx/usado/autos/2017-Volkswagen-up!-cross-up!/SA-AD-89102693
2012,Nissan,Versa,137000,4,https://soloautos.mx/usado/autos/2012-Nissan-Versa-Sense-TA-AC/SA-AD-89067740
2015,Mitsubishi,Lancer,185000,4,https://soloautos.mx/usado/autos/2015-Mitsubishi-Lancer-ES-CVT/SA-AD-89043346
2017,Nissan,Versa,195000,4,https://soloautos.mx/usado/autos/2017-Nissan-Versa-Sense-MT-AC/SA-AD-89043354
2014,Toyota,Corolla,177900,4,https://soloautos.mx/usado/autos/2014-Toyota-Corolla-BASE-MT/SA-AD-89102372
2016,Ford,Fiesta,149000,4,https://soloautos.mx/usado/autos/2016-Ford-Fiesta-S-MT-4-ptas/SA-AD-89103153
2017,Chevrolet,Spark,159000,4,https://soloautos.mx/usado/autos/2017-Chevrolet-Spark-LTZ-C-TM/SA-AD-89053691
2016,Renault,Fluence,195900,4,https://soloautos.mx/usado/autos/2016-Renault-Fluence-Expression-CVT/SA-AD-88956804
2015,Nissan,Versa,165000,4,https://soloautos.mx/usado/autos/2015-Nissan-Versa-Advance-TA-AC/SA-AD-89093169
2016,Volkswagen,Jetta,195000,4,https://soloautos.mx/usado/autos/2016-Volkswagen-Jetta-2-0-Std-/SA-AD-89001329
2013,Volkswagen,Jetta,125000,4,https://soloautos.mx/usado/autos/2013-Volkswagen-Jetta-2-0-TM/SA-AD-89097171
2013,Volkswagen,Jetta,125000,4,https://soloautos.mx/usado/autos/2013-Volkswagen-Jetta-2-0-TM/SA-AD-89097171
2014,Chevrolet,Aveo,130000,4,https://soloautos.mx/usado/autos/2014-Chevrolet-Aveo-M-LS-Manual,-aire-acondicionado/SA-AD-89103525
2012,Mazda,CX-7,185000,4,https://soloautos.mx/usado/autos/2012-Mazda-CX-7-i-Sport-2WD/SA-AD-88889852
2018,Nissan,Versa,199900,4,https://soloautos.mx/usado/autos/2018-Nissan-Versa-Sense-MT-AC/SA-AD-89085830
2013,Nissan,Versa,135000,4,https://soloautos.mx/usado/autos/2013-Nissan-Versa-Advance-TM-AC/SA-AD-89077370
2016,Ford,Figo,139000,4,https://soloautos.mx/usado/autos/2016-Ford-Figo-FIGO-IMPULSE-TM-A-A-5-PTAS/SA-AD-89065273
2017,Ford,Figo,185000,4,https://soloautos.mx/usado/autos/2017-Ford-Figo-IMPULSE-TA-A-A-5-PTAS/SA-AD-89102240
2013,Honda,Civic,180000,4,https://soloautos.mx/usado/autos/2013-Honda-Civic-EX-AT-2drs/SA-AD-89088025
2012,SEAT,Ibiza,115000,4,https://soloautos.mx/usado/autos/2012-SEAT-Ibiza-Ibiza-Reference-4-Ptas-MT/SA-AD-89055448
2014,Volkswagen,Clasico,149000,4,https://soloautos.mx/usado/autos/2014-Volkswagen-Clasico-2-0-CL-Tiptronic/SA-AD-89076663
2016,Volkswagen,CrossFox,199000,4,https://soloautos.mx/usado/autos/2016-Volkswagen-CrossFox-CrossFox-TM/SA-AD-89089307
2016,Volkswagen,Jetta,178000,4,https://soloautos.mx/usado/autos/2016-Volkswagen-Jetta-GLI-DSG/SA-AD-89076938
2012,Chevrolet,Aveo,118500,4,https://soloautos.mx/usado/autos/2012-Chevrolet-Aveo-AT-G/SA-AD-89092829
2016,Renault,Duster,165000,4,https://soloautos.mx/usado/autos/2016-Renault-Duster-2-0-Expression-AT/SA-AD-89092993
2015,Toyota,Yaris,159500,4,https://soloautos.mx/usado/autos/2015-Toyota-Yaris-Sedan-Premium-AT/SA-AD-89081197
2013,Dodge,Journey,190000,4,https://soloautos.mx/usado/autos/2013-Dodge-Journey-SXT -2-4L-5-pasajeros/SA-AD-89091497
2012,Ford,Fusion,142000,4,https://soloautos.mx/usado/autos/2012-Ford-Fusion-SE-l4-TA/SA-AD-89096931
2012,Jeep,Compass,179000,4,https://soloautos.mx/usado/autos/2012-Jeep-Compass-Sport-FWD-CVT/SA-AD-89098848
2016,Nissan,Tiida,183000,4,https://soloautos.mx/usado/autos/2016-Nissan-Tiida-Sedan-Sense-TA-AC-1-8/SA-AD-89065714
2013,Nissan,Versa,129000,4,https://soloautos.mx/usado/autos/2013-Nissan-Versa-Advance-TM-AC/SA-AD-89066425
2014,Chevrolet,Aveo,110000,4,https://soloautos.mx/usado/autos/2014-Chevrolet-Aveo-J-LS-Automático,-AC-y-radio/SA-AD-89100936
2012,Jeep,Patriot,189000,4,https://soloautos.mx/usado/autos/2012-Jeep-Patriot-Sport-FWD-CVT/SA-AD-89089387
2013,Peugeot,207,119500,4,https://soloautos.mx/usado/autos/2013-Peugeot-207-1-6-Allure-5p-MT/SA-AD-88920547
2012,Volkswagen,Clasico,124500,4,https://soloautos.mx/usado/autos/2012-Volkswagen-Clasico-2-0-CL-Team-Tiptronic/SA-AD-89053761
2016,Volkswagen,Gol,133000,4,https://soloautos.mx/usado/autos/2016-Volkswagen-Gol-5-Ptas--CL-A-A/SA-AD-88968963
2013,Volkswagen,Passat,179000,5,https://soloautos.mx/usado/autos/2013-Volkswagen-Passat-Comfortline-Tiptronic/SA-AD-89096939
2017,Chevrolet,Aveo,157000,4,https://soloautos.mx/usado/autos/2017-Chevrolet-Aveo-LT-F-MT/SA-AD-89073926
2012,Honda,Accord,179000,4,https://soloautos.mx/usado/autos/2012-Honda-Accord-EX-L-L4-AT/SA-AD-89088739
Impecable,cbr,500rr,144900,2,https://soloautos.mx/usado/motos/Impecable-cbr-500rr/SA-AD-89095217
2016,Toyota,Yaris,174000,4,https://soloautos.mx/usado/autos/2016-Toyota-Yaris-Sedan-Premium-AT/SA-AD-89102661
2014,Chevrolet,Captiva,189500,6,https://soloautos.mx/usado/autos/2014-Chevrolet-Captiva-Sport-LT-Paq--D/SA-AD-89096617
2016,Dodge,Attitude,169500,3,https://soloautos.mx/usado/autos/2016-Dodge-Attitude-SE-TA/SA-AD-89081336
2014,Dodge,Journey,199000,4,https://soloautos.mx/usado/autos/2014-Dodge-Journey-SXT -2-4L-5-pasajeros/SA-AD-89088306
2013,Volkswagen,Clasico,134500,4,https://soloautos.mx/usado/autos/2013-Volkswagen-Clasico-2-0-GL-Team-Tiptronic/SA-AD-89100055
2016,Volkswagen,Vento,159000,4,https://soloautos.mx/usado/autos/2016-Volkswagen-Vento-Startline-Tiptronic/SA-AD-89077951
2013,Chevrolet,Aveo,95000,4,https://soloautos.mx/usado/autos/2013-Chevrolet-Aveo-A/SA-AD-89082615
2015,Mazda,Mazda3,195000,4,https://soloautos.mx/usado/autos/2015-Mazda-Mazda3-Sedan-i-TA/SA-AD-89080191
2012,Nissan,Versa,135000,4,https://soloautos.mx/usado/autos/2012-Nissan-Versa-Advance-TM/SA-AD-89103527
2012,Dodge,Journey,175000,4,https://soloautos.mx/usado/autos/2012-Dodge-Journey-SE/SA-AD-89102580
2015,Hyundai,Grand,126000,4,https://soloautos.mx/usado/autos/2015-Hyundai-Grand-i10-GL-Mid-Manual-1-2L/SA-AD-89092175
2016,Nissan,Versa,180000,4,https://soloautos.mx/usado/autos/2016-Nissan-Versa-Advance-AT-AC/SA-AD-89103616
2016,Volkswagen,Gol,126000,4,https://soloautos.mx/usado/autos/2016-Volkswagen-Gol-Sedan-CL/SA-AD-89079857
2015,Chevrolet,Aveo,129000,4,https://soloautos.mx/usado/autos/2015-Chevrolet-Aveo-C-LT,-Automático-con-A-A,-alarma,-radio,/SA-AD-89075894
2016,Dodge,Attitude,155900,3,https://soloautos.mx/usado/autos/2016-Dodge-Attitude-1-2-SE-CVT/SA-AD-89092479
2013,Honda,CR-Z,185000,4,https://soloautos.mx/usado/autos/2013-Honda-CR-Z-/SA-AD-89064982
2016,Volkswagen,up!,159000,3,https://soloautos.mx/usado/autos/2016-Volkswagen-up!-cross-up!/SA-AD-89057907
2014,Ford,Fiesta,149000,4,https://soloautos.mx/usado/autos/2014-Ford-Fiesta-S-AT/SA-AD-89065584
2013,Ford,Focus,180000,4,https://soloautos.mx/usado/autos/2013-Ford-Focus-SE-Plus-AT/SA-AD-89083041
POLARIS,RZR,XP,179900,2,https://soloautos.mx/usado/motos/POLARIS-RZR-XP-900CC-UN-DUEÑO/SA-AD-89103995
2016,Renault,Logan,158000,4,https://soloautos.mx/usado/autos/2016-Renault-Logan-Dynamique-AT/SA-AD-89053782
2015,Chevrolet,Spark,109500,4,https://soloautos.mx/usado/autos/2015-Chevrolet-Spark-LT-B-TM/SA-AD-89068157
2013,Chevrolet,Trax,175000,4,https://soloautos.mx/usado/autos/2013-Chevrolet-Trax-A-LS/SA-AD-89073740
2012,Ford,Focus,160000,4,https://soloautos.mx/usado/autos/2012-Ford-Focus-SEL-AT/SA-AD-89083072
2015,Ford,Focus,189000,4,https://soloautos.mx/usado/autos/2015-Ford-Focus-SE-AT/SA-AD-89094124
2016,Nissan,Tiida,144500,4,https://soloautos.mx/usado/autos/2016-Nissan-Tiida-Sedan-Sense-TA-AC-1-8/SA-AD-89103341
2017,Volkswagen,Gol,155000,4,https://soloautos.mx/usado/autos/2017-Volkswagen-Gol-Sedan/SA-AD-89101586
2013,Jeep,Patriot,199000,4,https://soloautos.mx/usado/autos/2013-Jeep-Patriot-Limited-4WD-CVT/SA-AD-89070830
2016,Nissan,March,155000,4,https://soloautos.mx/usado/autos/2016-Nissan-March-Sense-TM/SA-AD-89102217
2012,Volkswagen,CrossFox,139000,4,https://soloautos.mx/usado/autos/2012-Volkswagen-CrossFox-CrossFox-TM/SA-AD-89099580
2013,Volkswagen,Golf,199500,4,https://soloautos.mx/usado/autos/2013-Volkswagen-Golf-Turbo-TM/SA-AD-89098102
2017,Volkswagen,Polo,200000,4,https://soloautos.mx/usado/autos/2017-Volkswagen-Polo-Tiptronic/SA-AD-89067457
2017,Chevrolet,Aveo,157000,4,https://soloautos.mx/usado/autos/2017-Chevrolet-Aveo-LT-F-MT/SA-AD-89082794
2014,Ford,EcoSport,179800,4,https://soloautos.mx/usado/autos/2014-Ford-EcoSport-Trend-R16-TM/SA-AD-89082849
2012,Nissan,Versa,118000,4,https://soloautos.mx/usado/autos/2012-Nissan-Versa-Advance-TM/SA-AD-89082600
2014,Chevrolet,Sonic,139000,4,https://soloautos.mx/usado/autos/2014-Chevrolet-Sonic-TM-A/SA-AD-89102857
2017,Chevrolet,Volt,129000,4,https://soloautos.mx/usado/autos/2017-Chevrolet-Volt-LTZ-B-AUTO/SA-AD-89090784
2017,Dodge,Attitude,138500,3,https://soloautos.mx/usado/autos/2017-Dodge-Attitude-SE-TM/SA-AD-89089157
2014,Nissan,Versa,139000,4,https://soloautos.mx/usado/autos/2014-Nissan-Versa-Sense-TM-AC/SA-AD-89097214
2015,Toyota,Yaris,179000,4,https://soloautos.mx/usado/autos/2015-Toyota-Yaris-Sedan-Premium-AT/SA-AD-89066313
2012,Chevrolet,Sonic,128000,4,https://soloautos.mx/usado/autos/2012-Chevrolet-Sonic-AT-F/SA-AD-88995945
2012,Ford,Focus,159000,4,https://soloautos.mx/usado/autos/2012-Ford-Focus-SEL-AT/SA-AD-89104548
2013,Honda,Civic,188500,4,https://soloautos.mx/usado/autos/2013-Honda-Civic-EX-AT-2drs/SA-AD-89057008
2012,Suzuki,Grand,199000,4,https://soloautos.mx/usado/autos/2012-Suzuki-Grand-Vitara-L4-GLS/SA-AD-89086214
2014,Volkswagen,CrossFox,165000,4,https://soloautos.mx/usado/autos/2014-Volkswagen-CrossFox-CrossFox-Techo-Corredizo-TM/SA-AD-89089377
2016,Volkswagen,Gol,125000,4,https://soloautos.mx/usado/autos/2016-Volkswagen-Gol-Track-5-Ptas--CL-AC-CD-ASG/SA-AD-89068051
2015,Volkswagen,Jetta,199500,5,https://soloautos.mx/usado/autos/2015-Volkswagen-Jetta-Trendline-Tiptronic/SA-AD-89098113
2015,Ford,Fiesta,159000,4,https://soloautos.mx/usado/autos/2015-Ford-Fiesta-SE-AT-5-ptas/SA-AD-89082715
2016,Nissan,Versa,185000,4,https://soloautos.mx/usado/autos/2016-Nissan-Versa-Exclusive-NAVI-AT-AC/SA-AD-89090283
2017,Nissan,Versa,189000,4,https://soloautos.mx/usado/autos/2017-Nissan-Versa-Advance-AT-AC/SA-AD-89087301
2012,SEAT,Ibiza,129800,4,https://soloautos.mx/usado/autos/2012-SEAT-Ibiza-Ibiza-Sport-ESP-Faros-Xenón-MT/SA-AD-89083268
2014,Toyota,Yaris,158000,4,https://soloautos.mx/usado/autos/2014-Toyota-Yaris-Sedan-Premium-MT/SA-AD-89102588
2016,Chevrolet,Aveo,139800,4,https://soloautos.mx/usado/autos/2016-Chevrolet-Aveo-LS-M-MT/SA-AD-89004207
2015,Ford,Fiesta,155000,4,https://soloautos.mx/usado/autos/2015-Ford-Fiesta-S-AT/SA-AD-89071737
2015,Honda,City,200000,4,https://soloautos.mx/usado/autos/2015-Honda-City-1-5-EX-CVT/SA-AD-89101117
2015,Renault,Logan,132900,4,https://soloautos.mx/usado/autos/2015-Renault-Logan-Dynamique-MT/SA-AD-89082999
2014,Suzuki,Swift,158000,4,https://soloautos.mx/usado/autos/2014-Suzuki-Swift-1-4-GLS-TA/SA-AD-89091475
2017,Volkswagen,Polo,200000,4,https://soloautos.mx/usado/autos/2017-Volkswagen-Polo-Allstar-Tiptronic/SA-AD-89073339
2015,FIAT,Palio,155000,4,https://soloautos.mx/usado/autos/2015-FIAT-Palio-1-6-Adventure-Dualogic-TA/SA-AD-89093080
2015,Nissan,NP300,200000,4,https://soloautos.mx/usado/autos/2015-Nissan-NP300-ESTACAS-T-M-DH-Versión-Especial/SA-AD-89096562
2013,Nissan,X-TRAIL,199000,4,https://soloautos.mx/usado/autos/2013-Nissan-X-TRAIL-Advance-Tela/SA-AD-88948309
2013,Chevrolet,Aveo,105000,4,https://soloautos.mx/usado/autos/2013-Chevrolet-Aveo-B-LT-Manual,-radio,-Bluetooth/SA-AD-89093625
2014,Nissan,Versa,149500,4,https://soloautos.mx/usado/autos/2014-Nissan-Versa-Advance-TM-AC/SA-AD-89057902
2013,Ram,Ram,185000,6,https://soloautos.mx/usado/autos/2013-Ram-Ram-1500-1500-ST-3-7-4x2-V6-TA/SA-AD-89083064
2017,Ford,Figo,161700,4,https://soloautos.mx/usado/autos/2017-Ford-Figo-IMPULSE-TM-4-PTAS/SA-AD-89089014
2013,MINI,MINI,197000,4,https://soloautos.mx/usado/autos/2013-MINI-MINI-Cooper-All-Black-AT/SA-AD-89095897
2012,Nissan,Tiida,100000,4,https://soloautos.mx/usado/autos/2012-Nissan-Tiida-Sedan-Comfort-TM/SA-AD-89070094
2012,Nissan,Tiida,125000,4,https://soloautos.mx/usado/autos/2012-Nissan-Tiida-Sedan-Comfort-TA-AC/SA-AD-89082731
2012,Volkswagen,Jetta,129000,5,https://soloautos.mx/usado/autos/2012-Volkswagen-Jetta-Active-Tiptronic/SA-AD-89099525
2015,FIAT,500,185000,4,https://soloautos.mx/usado/autos/2015-FIAT-500-Sport-Turbo-TA/SA-AD-88987375
2012,Mercedes-Benz,Clase,199000,4,https://soloautos.mx/usado/autos/2012-Mercedes-Benz-Clase-C-C-250-CGI-Sport/SA-AD-89095438
2017,Volkswagen,up!,165000,3,https://soloautos.mx/usado/autos/2017-Volkswagen-up!-high-up!/SA-AD-89068374
2012,Honda,Accord,190000,6,https://soloautos.mx/usado/autos/2012-Honda-Accord-EX-L-V6-AT/SA-AD-89102285
2017,Peugeot,301,185000,4,https://soloautos.mx/usado/autos/2017-Peugeot-301-ALLURE-4p-1-6HDI-92hp-Man-5Vel/SA-AD-89092223
2015,Renault,Kangoo,154950,4,https://soloautos.mx/usado/autos/2015-Renault-Kangoo-Express-1-6-Kangoo-Express-ABS-AC-MT/SA-AD-89086783
2012,Chevrolet,Aveo,99500,4,https://soloautos.mx/usado/autos/2012-Chevrolet-Aveo-MT-M/SA-AD-89096133
2013,Chrysler,Town,192000,6,https://soloautos.mx/usado/autos/2013-Chrysler-Town---Country-LX/SA-AD-89091755
2012,Toyota,Camry,169000,4,https://soloautos.mx/usado/autos/2012-Toyota-Camry-LE-6AT/SA-AD-89103538
2014,Toyota,Corolla,158000,4,https://soloautos.mx/usado/autos/2014-Toyota-Corolla-C-MT/SA-AD-89095280
2017,Volkswagen,Gol,165000,4,https://soloautos.mx/usado/autos/2017-Volkswagen-Gol-5-Ptas--Trendline/SA-AD-89082236
2013,Mazda,Mazda3,179000,4,https://soloautos.mx/usado/autos/2013-Mazda-Mazda3-Sedan-s-TA/SA-AD-89075346
2016,Nissan,Sentra,190000,4,https://soloautos.mx/usado/autos/2016-Nissan-Sentra-Sense-CVT/SA-AD-89066561
2015,Toyota,Avanza,179500,4,https://soloautos.mx/usado/autos/2015-Toyota-Avanza-1-5-Premium-MT/SA-AD-89100502
2017,Volkswagen,up!,175000,3,https://soloautos.mx/usado/autos/2017-Volkswagen-up!-cross-up!/SA-AD-89067453
2017,Volkswagen,Vento,179800,4,https://soloautos.mx/usado/autos/2017-Volkswagen-Vento-Highline-Std-/SA-AD-89082658
MOTOS,Y,CUATRIMOTOS,186000,2,https://soloautos.mx/usado/motos/MOTOS-Y-CUATRIMOTOS-Ducati-2013-/SA-AD-89101369
2016,Nissan,March,145000,4,https://soloautos.mx/usado/autos/2016-Nissan-March-Sense-TA/SA-AD-89085994
2015,Nissan,Versa,165000,4,https://soloautos.mx/usado/autos/2015-Nissan-Versa-Advance-TA-AC/SA-AD-89101406
2014,Nissan,Versa,145000,4,https://soloautos.mx/usado/autos/2014-Nissan-Versa-Advance-TA-AC/SA-AD-89098446
2015,Ram,700,189000,4,https://soloautos.mx/usado/autos/2015-Ram-700-1-6-Cabina-Sencilla-TM/SA-AD-89082797
2013,Jeep,Patriot,179000,4,https://soloautos.mx/usado/autos/2013-Jeep-Patriot-Sport-FWD-MTX/SA-AD-89102583
2012,Nissan,March,109000,4,https://soloautos.mx/usado/autos/2012-Nissan-March-Sense-TM/SA-AD-89086589
2014,Dodge,Attitude,135000,4,https://soloautos.mx/usado/autos/2014-Dodge-Attitude-GLS-Automático-1-6L/SA-AD-89098210
2017,Renault,Logan,149000,4,https://soloautos.mx/usado/autos/2017-Renault-Logan-Authentique-MT/SA-AD-89097323
2013,Volkswagen,CrossFox,158000,4,https://soloautos.mx/usado/autos/2013-Volkswagen-CrossFox-CrossFox-Techo-Corredizo-TM/SA-AD-89099415
2012,Nissan,Altima,159000,4,https://soloautos.mx/usado/autos/2012-Nissan-Altima-SL-2-5L-CVT-con-Modo-Manual/SA-AD-89100972
2013,Volkswagen,Gol,95000,4,https://soloautos.mx/usado/autos/2013-Volkswagen-Gol-Comfortline-5ptas/SA-AD-89096832
2017,Chevrolet,Sonic,183000,4,https://soloautos.mx/usado/autos/2017-Chevrolet-Sonic-Premier-F-TA/SA-AD-89092476
2015,Chevrolet,Tornado,159000,4,https://soloautos.mx/usado/autos/2015-Chevrolet-Tornado-LS,-B,-TM,-14-Acero,-AA/SA-AD-89077100
2012,Ford,Escape,159000,4,https://soloautos.mx/usado/autos/2012-Ford-Escape-XLS-l4-TA/SA-AD-89100736
2012,Volkswagen,Jetta,180000,4,https://soloautos.mx/usado/autos/2012-Volkswagen-Jetta-TDI-DSG/SA-AD-89083000
2014,Volkswagen,Jetta,178500,5,https://soloautos.mx/usado/autos/2014-Volkswagen-Jetta-Style-TM/SA-AD-89088092
2014,Ford,Fiesta,116500,4,https://soloautos.mx/usado/autos/2014-Ford-Fiesta-Ikon-Ford-Ikon-Ambiente-TM-A-A/SA-AD-88971630
2016,Volkswagen,Gol,126000,4,https://soloautos.mx/usado/autos/2016-Volkswagen-Gol-Sedan-CL/SA-AD-89079846
2017,Ford,Figo,138000,4,https://soloautos.mx/usado/autos/2017-Ford-Figo-IMPULSE-TM-A-A-4-PTAS/SA-AD-89084299
2016,Nissan,Tiida,155000,4,https://soloautos.mx/usado/autos/2016-Nissan-Tiida-Sedan-Advance-TA-AC-1-8/SA-AD-89093049
2018,Volkswagen,Vento,198000,4,https://soloautos.mx/usado/autos/2018-Volkswagen-Vento-Comfortline-Std-/SA-AD-89103247
2017,Chevrolet,Sonic,199000,4,https://soloautos.mx/usado/autos/2017-Chevrolet-Sonic-Premier-F-TA/SA-AD-89101125
2016,Ford,Fiesta,169000,4,https://soloautos.mx/usado/autos/2016-Ford-Fiesta-SE-MT-5-ptas/SA-AD-89101106
2012,Ford,Fiesta,109000,4,https://soloautos.mx/usado/autos/2012-Ford-Fiesta-S-MT/SA-AD-89084474
2018,Hyundai,Grand,179000,4,https://soloautos.mx/usado/autos/2018-Hyundai-Grand-i10-GL-Mid-Manual-SD/SA-AD-89097240
2012,Mazda,MAZDA5,169000,4,https://soloautos.mx/usado/autos/2012-Mazda-MAZDA5-Sport-TA/SA-AD-89084619
2013,Volkswagen,Polo,195000,4,https://soloautos.mx/usado/autos/2013-Volkswagen-Polo-GTI-DSG/SA-AD-89081417
2016,FIAT,Uno,145000,4,https://soloautos.mx/usado/autos/2016-FIAT-Uno-Sporting/SA-AD-89103141
2013,Ford,Fiesta,138000,4,https://soloautos.mx/usado/autos/2013-Ford-Fiesta-S-AT/SA-AD-89080621
2017,Ford,Figo,147000,4,https://soloautos.mx/usado/autos/2017-Ford-Figo-IMPULSE-TM-A-A-5-PTAS/SA-AD-89089168
2017,Volkswagen,Vento,168500,4,https://soloautos.mx/usado/autos/2017-Volkswagen-Vento-Comfortline-Std-/SA-AD-89103926
2012,Chevrolet,Sonic,110000,4,https://soloautos.mx/usado/autos/2012-Chevrolet-Sonic-MT-A/SA-AD-89103400
2012,Dodge,Journey,168000,4,https://soloautos.mx/usado/autos/2012-Dodge-Journey-SE/SA-AD-89092825
2015,Suzuki,S-CROSS,199800,4,https://soloautos.mx/usado/autos/2015-Suzuki-S-CROSS-1-6L-GL-MT/SA-AD-89104311
2016,Toyota,Avanza,199000,4,https://soloautos.mx/usado/autos/2016-Toyota-Avanza-1-5-Premium-AT/SA-AD-89082800
2012,Volkswagen,Clasico,135000,4,https://soloautos.mx/usado/autos/2012-Volkswagen-Clasico-2-0-GL-Team-TM/SA-AD-89082592
2018,Chevrolet,Beat,149900,4,https://soloautos.mx/usado/autos/2018-Chevrolet-Beat-LT-B-TM/SA-AD-89094161
2014,Ford,Focus,169500,4,https://soloautos.mx/usado/autos/2014-Ford-Focus-SE-AT/SA-AD-88924244
2016,Volkswagen,Jetta,197500,5,https://soloautos.mx/usado/autos/2016-Volkswagen-Jetta-Trendline-Tiptronic/SA-AD-89093042
2017,Volkswagen,Vento,197000,4,https://soloautos.mx/usado/autos/2017-Volkswagen-Vento-Allstar-Tiptronic/SA-AD-89095066
2017,Volkswagen,Vento,164900,4,https://soloautos.mx/usado/autos/2017-Volkswagen-Vento-Comfortline-Std-/SA-AD-89089692
2013,Chevrolet,Aveo,115000,4,https://soloautos.mx/usado/autos/2013-Chevrolet-Aveo-B-LT-Manual,-radio,-Bluetooth/SA-AD-89095794
2012,Chevrolet,Captiva,189000,6,https://soloautos.mx/usado/autos/2012-Chevrolet-Captiva-Sport-LT-Paq--C/SA-AD-89073738
2012,Chevrolet,Spark,92000,4,https://soloautos.mx/usado/autos/2012-Chevrolet-Spark-5-ptas-A/SA-AD-89080658
2013,Dodge,i10,88000,4,https://soloautos.mx/usado/autos/2013-Dodge-i10-GLS-Safty---Fun-TM-1-1L/SA-AD-89099870
2016,Nissan,Tiida,159000,4,https://soloautos.mx/usado/autos/2016-Nissan-Tiida-Sedan-Sense-TM-AC-1-8/SA-AD-89096627
2014,Nissan,Tiida,125500,4,https://soloautos.mx/usado/autos/2014-Nissan-Tiida-Sedan-Sense-TM-AC-1-8/SA-AD-89076705
2014,Renault,Stepway,125000,4,https://soloautos.mx/usado/autos/2014-Renault-Stepway-Dynamique-MT/SA-AD-89101392
2017,Ford,Figo,174000,4,https://soloautos.mx/usado/autos/2017-Ford-Figo-ENERGY-TM-4-PTAS/SA-AD-89074878
2017,Mitsubishi,Mirage,155000,3,https://soloautos.mx/usado/autos/2017-Mitsubishi-Mirage-GLX-CVT/SA-AD-89079347
2016,Toyota,Yaris,176500,4,https://soloautos.mx/usado/autos/2016-Toyota-Yaris-Sedan-Premium-MT/SA-AD-89086864
2017,Chevrolet,Spark,145000,4,https://soloautos.mx/usado/autos/2017-Chevrolet-Spark-LT-B-TM/SA-AD-89079882
2017,Dodge,Attitude,153500,3,https://soloautos.mx/usado/autos/2017-Dodge-Attitude-SE-TM/SA-AD-88940557
2014,Chevrolet,Aveo,130000,4,https://soloautos.mx/usado/autos/2014-Chevrolet-Aveo-D-LTZ-Manual,-bolsas-de-aire,-ABS/SA-AD-89102593
2014,Chevrolet,Spark,105000,4,https://soloautos.mx/usado/autos/2014-Chevrolet-Spark-LT-B-TM/SA-AD-89082992
2014,Ford,Focus,169500,4,https://soloautos.mx/usado/autos/2014-Ford-Focus-TREND-AT/SA-AD-88961761
2017,Honda,FIT,199500,4,https://soloautos.mx/usado/autos/2017-Honda-FIT-Cool/SA-AD-89064704
2016,Nissan,Sentra,189500,4,https://soloautos.mx/usado/autos/2016-Nissan-Sentra-Sense-CVT/SA-AD-89044851
2013,Mazda,Mazda3,159500,4,https://soloautos.mx/usado/autos/2013-Mazda-Mazda3-Sedan-i-Touring-TA/SA-AD-89095803
2013,Mitsubishi,ASX,185000,4,https://soloautos.mx/usado/autos/2013-Mitsubishi-ASX-SE-CVT/SA-AD-89099806
2017,Hyundai,Grand,159000,4,https://soloautos.mx/usado/autos/2017-Hyundai-Grand-i10-GL-Mid-Manual-SD/SA-AD-89083609
2012,Jeep,Patriot,182000,4,https://soloautos.mx/usado/autos/2012-Jeep-Patriot-Limited-FWD-CVT/SA-AD-89001494
2017,Volkswagen,Vento,195000,4,https://soloautos.mx/usado/autos/2017-Volkswagen-Vento-Highline-Tiptronic/SA-AD-89097275
2014,Ford,Fiesta,134500,4,https://soloautos.mx/usado/autos/2014-Ford-Fiesta-S-MT-5-ptas/SA-AD-89063703
2017,Nissan,Versa,184900,4,https://soloautos.mx/usado/autos/2017-Nissan-Versa-Sense-AT-AC/SA-AD-89044876
2012,Renault,Sandero,95000,4,https://soloautos.mx/usado/autos/2012-Renault-Sandero-Dynamique-MT/SA-AD-89069015
2016,Volkswagen,Jetta,195000,4,https://soloautos.mx/usado/autos/2016-Volkswagen-Jetta-2-0-Std-/SA-AD-89068812
2015,Ford,Fiesta,159000,4,https://soloautos.mx/usado/autos/2015-Ford-Fiesta-SE-AT-5-ptas/SA-AD-89081024
2012,Peugeot,Partner,145000,4,https://soloautos.mx/usado/autos/2012-Peugeot-Partner-1-6-HDI-Maxi-MT/SA-AD-89091707
2014,Renault,Duster,169500,4,https://soloautos.mx/usado/autos/2014-Renault-Duster-2-0-Dynamique-MT/SA-AD-89092830
2012,Renault,Scala,86500,4,https://soloautos.mx/usado/autos/2012-Renault-Scala-Dynamique-MT/SA-AD-88921715
2012,Toyota,Camry,189000,4,https://soloautos.mx/usado/autos/2012-Toyota-Camry-XLE-L4-6AT/SA-AD-89071611
2014,Toyota,Yaris,159900,4,https://soloautos.mx/usado/autos/2014-Toyota-Yaris-Sedan-Core-AT/SA-AD-88998753
2016,Chevrolet,Aveo,135000,4,https://soloautos.mx/usado/autos/2016-Chevrolet-Aveo-LS-Paq--J-4-ptas-/SA-AD-89091799
2012,Ford,Focus,135000,4,https://soloautos.mx/usado/autos/2012-Ford-Focus-SE-AT/SA-AD-89067276
2015,Nissan,Tiida,159000,4,https://soloautos.mx/usado/autos/2015-Nissan-Tiida-Sedan-Advance-TM-AC-1-8/SA-AD-89081058
2016,Nissan,Tiida,148000,4,https://soloautos.mx/usado/autos/2016-Nissan-Tiida-Sedan-Sense-TM-AC-1-8/SA-AD-89104130
2016,Toyota,Yaris,175000,4,https://soloautos.mx/usado/autos/2016-Toyota-Yaris-Sedan-Premium-AT/SA-AD-89082504
2014,Volkswagen,Clasico,143000,4,https://soloautos.mx/usado/autos/2014-Volkswagen-Clasico-2-0-CL-Tiptronic/SA-AD-89073389
2013,Volkswagen,Passat,179000,5,https://soloautos.mx/usado/autos/2013-Volkswagen-Passat-Comfortline-Tiptronic/SA-AD-89064349
2017,Volkswagen,Polo,198000,4,https://soloautos.mx/usado/autos/2017-Volkswagen-Polo-Tiptronic/SA-AD-89080605
2014,Chevrolet,Spark,131900,4,https://soloautos.mx/usado/autos/2014-Chevrolet-Spark-LTZ-C-TM/SA-AD-89093608
2017,Hyundai,Grand,169000,4,https://soloautos.mx/usado/autos/2017-Hyundai-Grand-i10-GLS-TA/SA-AD-89093690
2012,MINI,Mini,200000,4,https://soloautos.mx/usado/autos/2012-MINI-Mini-Cooper-Chili-AT/SA-AD-88986200
2014,Nissan,March,110000,4,https://soloautos.mx/usado/autos/2014-Nissan-March-Active-TM/SA-AD-89097204
2016,Renault,Duster,165000,4,https://soloautos.mx/usado/autos/2016-Renault-Duster-2-0-Expression-AT/SA-AD-89092992
2012,Volkswagen,Beetle,179000,5,https://soloautos.mx/usado/autos/2012-Volkswagen-Beetle-2-5-Sport-Tiptronic/SA-AD-89077529
2017,Volkswagen,Jetta,180000,4,https://soloautos.mx/usado/autos/2017-Volkswagen-Jetta-2-0-Std-/SA-AD-89102591
2013,Chevrolet,Sonic,145000,4,https://soloautos.mx/usado/autos/2013-Chevrolet-Sonic-TA-F/SA-AD-89099490
2015,Chevrolet,Sonic,159000,4,https://soloautos.mx/usado/autos/2015-Chevrolet-Sonic-TA-E/SA-AD-89083236
2013,FIAT,500,169500,4,https://soloautos.mx/usado/autos/2013-FIAT-500-Lounge-TA/SA-AD-89068797
2013,Mazda,Mazda6,179900,6,https://soloautos.mx/usado/autos/2013-Mazda-Mazda6-s-Grand-Touring-TA/SA-AD-89104175
2015,Volkswagen,Jetta,189000,5,https://soloautos.mx/usado/autos/2015-Volkswagen-Jetta-Comfortline-Tiptronic/SA-AD-89097798
2016,Chevrolet,Aveo,139000,4,https://soloautos.mx/usado/autos/2016-Chevrolet-Aveo-LT-B-MT/SA-AD-89099472
2015,Chevrolet,Cruze,189000,4,https://soloautos.mx/usado/autos/2015-Chevrolet-Cruze-1-4-Turbo-J-MT/SA-AD-89100108
2012,Chevrolet,Malibu,169000,6,https://soloautos.mx/usado/autos/2012-Chevrolet-Malibu-4-ptas-G/SA-AD-88959198
2015,Ford,Focus,185500,4,https://soloautos.mx/usado/autos/2015-Ford-Focus-SE-AT/SA-AD-89092995
2012,Mazda,MAZDA5,168000,4,https://soloautos.mx/usado/autos/2012-Mazda-MAZDA5-Sport-TA/SA-AD-89094150
2012,Nissan,NP300,165000,4,https://soloautos.mx/usado/autos/2012-Nissan-NP300-Doble-Cab-Tipica-Versión-Esp-TM-AC-Audio/SA-AD-89103193
2018,Nissan,Versa,199900,4,https://soloautos.mx/usado/autos/2018-Nissan-Versa-Sense-MT-AC/SA-AD-89086816
,,,175000,2,https://soloautos.mx/usado/motos/--2012-/SA-AD-89055700
2017,Dodge,Attitude,179000,3,https://soloautos.mx/usado/autos/2017-Dodge-Attitude-SXT-TA/SA-AD-89059596
2016,Hyundai,Grand,149000,4,https://soloautos.mx/usado/autos/2016-Hyundai-Grand-i10-GL-Mid-Manual-1-2L/SA-AD-89088790
2012,Volkswagen,Clasico,135000,4,https://soloautos.mx/usado/autos/2012-Volkswagen-Clasico-2-0-GL-Team-Tiptronic/SA-AD-89092259
2015,Volkswagen,Clasico,145000,4,https://soloautos.mx/usado/autos/2015-Volkswagen-Clasico-2-0-CL-Tiptronic/SA-AD-89099426
2013,Ford,EcoSport,169000,4,https://soloautos.mx/usado/autos/2013-Ford-EcoSport-SE-TM/SA-AD-89099438
2012,Ford,Focus,137000,4,https://soloautos.mx/usado/autos/2012-Ford-Focus-SE-Sport-AT-5Ptas-/SA-AD-89091684
2017,Nissan,March,145500,4,https://soloautos.mx/usado/autos/2017-Nissan-March-Advance-TM/SA-AD-89093045
2013,Nissan,Tiida,115000,4,https://soloautos.mx/usado/autos/2013-Nissan-Tiida-Sedan-Drive-TM-AC-1-6/SA-AD-89091759
2013,Peugeot,3008,195000,4,https://soloautos.mx/usado/autos/2013-Peugeot-3008-1-6-Féline-Family-Tiptronic/SA-AD-89103933
2013,Volkswagen,Gol,119000,4,https://soloautos.mx/usado/autos/2013-Volkswagen-Gol-Sedan-Trendline-AC/SA-AD-89078762
2014,Volkswagen,Passat,175000,5,https://soloautos.mx/usado/autos/2014-Volkswagen-Passat-Comfortline-Tiptronic/SA-AD-89092308
2014,Chevrolet,Aveo,109000,4,https://soloautos.mx/usado/autos/2014-Chevrolet-Aveo-M-LS-Manual,-aire-acondicionado/SA-AD-89104353
2016,Nissan,Versa,149900,4,https://soloautos.mx/usado/autos/2016-Nissan-Versa-Sense-AT-AC/SA-AD-89093051
2014,Chevrolet,Aveo,119900,4,https://soloautos.mx/usado/autos/2014-Chevrolet-Aveo-E-LTZ-Aut--Bolsas-de-aire,-ABS/SA-AD-89085937
2013,Ford,Fiesta,103000,4,https://soloautos.mx/usado/autos/2013-Ford-Fiesta-Ikon-Ford-Ikon-Trend-TM-A-A/SA-AD-89078675
2013,Honda,City,148000,4,https://soloautos.mx/usado/autos/2013-Honda-City-1-5-EX-MT/SA-AD-89069089
2012,Mazda,Mazda3,155000,4,https://soloautos.mx/usado/autos/2012-Mazda-Mazda3-Sedan-i-TA/SA-AD-89063222
2017,Nissan,Versa,177900,4,https://soloautos.mx/usado/autos/2017-Nissan-Versa-Drive-AT-AC/SA-AD-89094173
2016,Toyota,Yaris,189000,4,https://soloautos.mx/usado/autos/2016-Toyota-Yaris-Sedan-Premium-AT/SA-AD-89100105
2016,Volkswagen,up!,159000,3,https://soloautos.mx/usado/autos/2016-Volkswagen-up!-cross-up!/SA-AD-89069738
2014,Chevrolet,Spark,110000,4,https://soloautos.mx/usado/autos/2014-Chevrolet-Spark-LT-B-TM/SA-AD-89104517
2012,Dodge,Attitude,119000,4,https://soloautos.mx/usado/autos/2012-Dodge-Attitude-GL-Automático-1-6L/SA-AD-89067294
2016,Ford,Figo,165000,4,https://soloautos.mx/usado/autos/2016-Ford-Figo-TITANIUM-W-DEFROSTER/SA-AD-89092249
2013,Nissan,Sentra,169500,4,https://soloautos.mx/usado/autos/2013-Nissan-Sentra-Advance-CVT/SA-AD-89054459
2013,Volkswagen,Jetta,159000,5,https://soloautos.mx/usado/autos/2013-Volkswagen-Jetta-Sport-Base/SA-AD-89098219
2012,Chevrolet,Captiva,189500,6,https://soloautos.mx/usado/autos/2012-Chevrolet-Captiva-Sport-LT-Paq--C/SA-AD-89100572
2012,Nissan,Versa,129500,4,https://soloautos.mx/usado/autos/2012-Nissan-Versa-Sense-TA-AC/SA-AD-89097722
2016,Renault,Logan,159900,4,https://soloautos.mx/usado/autos/2016-Renault-Logan-Expression-2-B-A-AT/SA-AD-89087805
2016,Volkswagen,Gol,145000,4,https://soloautos.mx/usado/autos/2016-Volkswagen-Gol-5-Ptas--CL-A-A/SA-AD-89065332
2017,Volkswagen,Vento,199900,4,https://soloautos.mx/usado/autos/2017-Volkswagen-Vento-Comfortline-Tiptronic/SA-AD-89068276
2014,Ford,Fiesta,139000,4,https://soloautos.mx/usado/autos/2014-Ford-Fiesta-SE-AT/SA-AD-89101393
2016,Honda,FIT,194000,4,https://soloautos.mx/usado/autos/2016-Honda-FIT-Hit/SA-AD-89089011
2016,Nissan,Versa,149900,4,https://soloautos.mx/usado/autos/2016-Nissan-Versa-Sense-AT-AC/SA-AD-89093054
2013,Volkswagen,CrossFox,149000,4,https://soloautos.mx/usado/autos/2013-Volkswagen-CrossFox-CrossFox-Base-TM/SA-AD-89066060
2014,Volkswagen,Jetta,168000,4,https://soloautos.mx/usado/autos/2014-Volkswagen-Jetta-2-0-TM/SA-AD-89049273
2016,Volkswagen,Vento,154900,4,https://soloautos.mx/usado/autos/2016-Volkswagen-Vento-Startline-1-6-Tiptronic/SA-AD-89062505
2012,Chevrolet,Captiva,169000,4,https://soloautos.mx/usado/autos/2012-Chevrolet-Captiva-Sport-LS-Paq--A/SA-AD-89063044
2013,Jeep,Patriot,179500,4,https://soloautos.mx/usado/autos/2013-Jeep-Patriot-Sport-FWD-CVT/SA-AD-89098953
2012,Ram,Ram,179000,6,https://soloautos.mx/usado/autos/2012-Ram-Ram-1500-1500-ST-3-7-4x2-TA/SA-AD-89094272
2016,Renault,Logan,155900,4,https://soloautos.mx/usado/autos/2016-Renault-Logan-Dynamique-AT/SA-AD-89087581
2016,Volkswagen,Jetta,195000,4,https://soloautos.mx/usado/autos/2016-Volkswagen-Jetta-2-0-TM/SA-AD-89101701
2014,Mitsubishi,Lancer,160000,4,https://soloautos.mx/usado/autos/2014-Mitsubishi-Lancer-ES-CVT/SA-AD-89083011
2012,Nissan,Tiida,118000,4,https://soloautos.mx/usado/autos/2012-Nissan-Tiida-Sedan-Custom-TA-AC/SA-AD-89069600
2014,Subaru,Impreza,175000,4,https://soloautos.mx/usado/autos/2014-Subaru-Impreza-2-0-I-CVT/SA-AD-89101164
2016,Chevrolet,Aveo,142500,4,https://soloautos.mx/usado/autos/2016-Chevrolet-Aveo-LT-B-MT/SA-AD-89092985
2012,Dodge,Journey,175000,4,https://soloautos.mx/usado/autos/2012-Dodge-Journey-SE/SA-AD-89088890
2015,Ford,Fiesta,138000,4,https://soloautos.mx/usado/autos/2015-Ford-Fiesta-S-MT/SA-AD-89043804
2012,Honda,Civic,179000,4,https://soloautos.mx/usado/autos/2012-Honda-Civic-EX-AT-4drs/SA-AD-89091089
2016,Chevrolet,Aveo,139500,4,https://soloautos.mx/usado/autos/2016-Chevrolet-Aveo-LT-Paq--C-AT/SA-AD-89061249
2014,FIAT,500,194000,4,https://soloautos.mx/usado/autos/2014-FIAT-500-Sport-TA/SA-AD-89055198
2012,Nissan,Sentra,139000,4,https://soloautos.mx/usado/autos/2012-Nissan-Sentra-Custom-2-0-TM/SA-AD-88977615
2016,Nissan,Versa,170000,4,https://soloautos.mx/usado/autos/2016-Nissan-Versa-Sense-AT-AC/SA-AD-89099390
2012,Volkswagen,Beetle,175000,5,https://soloautos.mx/usado/autos/2012-Volkswagen-Beetle-2-5-Sport-Tiptronic/SA-AD-89091052
2012,Volkswagen,Passat,145000,5,https://soloautos.mx/usado/autos/2012-Volkswagen-Passat-Comfortline-Tiptronic/SA-AD-89081084
2013,Dodge,Avenger,149000,4,https://soloautos.mx/usado/autos/2013-Dodge-Avenger-SE-ATX/SA-AD-89082276
2012,Ford,Fiesta,109000,4,https://soloautos.mx/usado/autos/2012-Ford-Fiesta-S-MT/SA-AD-89088921
2013,Volkswagen,Beetle,149000,5,https://soloautos.mx/usado/autos/2013-Volkswagen-Beetle-2-5-Sport-TM/SA-AD-89096341
2016,Volkswagen,Jetta,199000,4,https://soloautos.mx/usado/autos/2016-Volkswagen-Jetta-2-0Tip-/SA-AD-89098383
2017,Volkswagen,Vento,179900,4,https://soloautos.mx/usado/autos/2017-Volkswagen-Vento-Comfortline-Tiptronic/SA-AD-89094178
2013,Buick,Verano,195000,4,https://soloautos.mx/usado/autos/2013-Buick-Verano-2-0-1SC/SA-AD-88895259
2012,Honda,Civic,169000,4,https://soloautos.mx/usado/autos/2012-Honda-Civic-Si-Coupe-MT/SA-AD-89074040
2012,Nissan,Rogue,179000,4,https://soloautos.mx/usado/autos/2012-Nissan-Rogue-2-5L-Advance-2WD-CVT/SA-AD-89099443
2016,Nissan,Tiida,155000,4,https://soloautos.mx/usado/autos/2016-Nissan-Tiida-Sedan-Advance-TA-AC-1-8/SA-AD-89093048
2012,Toyota,Avanza,149500,4,https://soloautos.mx/usado/autos/2012-Toyota-Avanza-1-5-Premium-AT/SA-AD-89080155
2015,Nissan,March,142000,4,https://soloautos.mx/usado/autos/2015-Nissan-March-Advance-Navi-TM/SA-AD-89099935
2015,Nissan,Versa,149000,4,https://soloautos.mx/usado/autos/2015-Nissan-Versa-Advance-TM-AC/SA-AD-89096439
2017,Chevrolet,Aveo,154900,4,https://soloautos.mx/usado/autos/2017-Chevrolet-Aveo-LT-F-MT/SA-AD-89083866
2016,Ford,Fiesta,179000,4,https://soloautos.mx/usado/autos/2016-Ford-Fiesta-ST-MT-5-ptas/SA-AD-89093142
2013,Jeep,Patriot,199000,4,https://soloautos.mx/usado/autos/2013-Jeep-Patriot-Limited-4WD-CVT/SA-AD-89097218
2016,Nissan,Sentra,197000,4,https://soloautos.mx/usado/autos/2016-Nissan-Sentra-Sense-CVT/SA-AD-89093701
2016,Volkswagen,Vento,159900,4,https://soloautos.mx/usado/autos/2016-Volkswagen-Vento-Startline-Tiptronic/SA-AD-88980017
2016,Dodge,Attitude,139000,3,https://soloautos.mx/usado/autos/2016-Dodge-Attitude-SE-TA/SA-AD-89087300
2012,Dodge,Journey,176000,4,https://soloautos.mx/usado/autos/2012-Dodge-Journey-SE/SA-AD-89104060
2013,Ford,Fusion,194500,4,https://soloautos.mx/usado/autos/2013-Ford-Fusion-SE-Lux-2-0-GTDi/SA-AD-89103351
2016,Mazda,Mazda2,199900,4,https://soloautos.mx/usado/autos/2016-Mazda-Mazda2-i-Touring-5-puertas-T-M/SA-AD-89069108
2013,Renault,Koleos,171000,4,https://soloautos.mx/usado/autos/2013-Renault-Koleos-2-5L-Expression-CVT/SA-AD-89099572
2013,Ford,Fiesta,90000,4,https://soloautos.mx/usado/autos/2013-Ford-Fiesta-Ikon-Ford-Ikon-Ambiente-TM-A-A/SA-AD-89103526
2015,Hyundai,Elantra,179000,4,https://soloautos.mx/usado/autos/2015-Hyundai-Elantra-GLS-Premium-TA/SA-AD-89078416
2016,Suzuki,Ciaz,184000,4,https://soloautos.mx/usado/autos/2016-Suzuki-Ciaz-1-4L-GLS-AT/SA-AD-88980393
2013,Volkswagen,Golf,179000,4,https://soloautos.mx/usado/autos/2013-Volkswagen-Golf-Turbo-TM/SA-AD-89077793
2012,Ford,Focus,150000,4,https://soloautos.mx/usado/autos/2012-Ford-Focus-SEL-AT-5Ptas-/SA-AD-89089015
2012,Dodge,Avenger,138500,4,https://soloautos.mx/usado/autos/2012-Dodge-Avenger-SE-ATX/SA-AD-1098513
2016,Nissan,Versa,177000,4,https://soloautos.mx/usado/autos/2016-Nissan-Versa-Advance-AT-AC/SA-AD-89082716
2012,Nissan,Versa,127000,4,https://soloautos.mx/usado/autos/2012-Nissan-Versa-Advance-TA-AC/SA-AD-89001806
2013,SEAT,Toledo,142000,4,https://soloautos.mx/usado/autos/2013-SEAT-Toledo-1-6L-Reference-MT/SA-AD-89102426
2015,Smart,Fortwo,150000,3,https://soloautos.mx/usado/autos/2015-Smart-Fortwo-Coupé-Passion/SA-AD-89101666
2016,Toyota,Yaris,164000,4,https://soloautos.mx/usado/autos/2016-Toyota-Yaris-1-5-R-MID-MT/SA-AD-89102666
2014,Volkswagen,Jetta,165000,5,https://soloautos.mx/usado/autos/2014-Volkswagen-Jetta-Style-TM/SA-AD-88954284
2015,Volkswagen,Jetta,179800,4,https://soloautos.mx/usado/autos/2015-Volkswagen-Jetta-2-0Tiptronic/SA-AD-89099298
2013,Chevrolet,Aveo,99900,4,https://soloautos.mx/usado/autos/2013-Chevrolet-Aveo-B-LT-Manual,-radio,-Bluetooth/SA-AD-89077641
2016,Dodge,Attitude,149500,3,https://soloautos.mx/usado/autos/2016-Dodge-Attitude-SE-TA/SA-AD-89092983
2016,Ford,Fiesta,179000,4,https://soloautos.mx/usado/autos/2016-Ford-Fiesta-SE-AT-5-ptas/SA-AD-89070810
2015,Toyota,Avanza,175000,4,https://soloautos.mx/usado/autos/2015-Toyota-Avanza-1-5-Premium-AT/SA-AD-89099009
2017,Volkswagen,Vento,178000,4,https://soloautos.mx/usado/autos/2017-Volkswagen-Vento-Comfortline-Std-/SA-AD-89073001
2015,Honda,City,197000,4,https://soloautos.mx/usado/autos/2015-Honda-City-1-5-LX-CVT/SA-AD-89102429
2013,Suzuki,Swift,142000,4,https://soloautos.mx/usado/autos/2013-Suzuki-Swift-1-4-GLS-TM/SA-AD-89103390
2017,Volkswagen,Polo,198000,4,https://soloautos.mx/usado/autos/2017-Volkswagen-Polo-Tiptronic/SA-AD-88976341
2017,Chevrolet,Spark,159900,4,https://soloautos.mx/usado/autos/2017-Chevrolet-Spark-LTZ-C-TM/SA-AD-89103579
2012,Dodge,Journey,199000,4,https://soloautos.mx/usado/autos/2012-Dodge-Journey-SXT -2-4L-5-pasajeros/SA-AD-89098682
2012,Ford,Escape,162000,6,https://soloautos.mx/usado/autos/2012-Ford-Escape-Limited-Sin-Sis-Nav-R17/SA-AD-89102367
2013,Ford,Focus,129000,4,https://soloautos.mx/usado/autos/2013-Ford-Focus-SE-AT/SA-AD-89098429
2017,Nissan,March,175500,4,https://soloautos.mx/usado/autos/2017-Nissan-March-SR-NAVI-TM/SA-AD-89100968
2012,Nissan,X-TRAIL,198000,4,https://soloautos.mx/usado/autos/2012-Nissan-X-TRAIL-Sense-CVT-2-5-LTS-/SA-AD-89094269
2012,Toyota,RAV4,199000,4,https://soloautos.mx/usado/autos/2012-Toyota-RAV4-Base-3rd-Row/SA-AD-89098465
2016,Chevrolet,Aveo,143000,4,https://soloautos.mx/usado/autos/2016-Chevrolet-Aveo-LT-C-AT/SA-AD-89097748
2013,Chevrolet,Aveo,109000,4,https://soloautos.mx/usado/autos/2013-Chevrolet-Aveo-B-LT-Manual,-radio,-Bluetooth/SA-AD-89089279
2016,Chevrolet,Aveo,152000,4,https://soloautos.mx/usado/autos/2016-Chevrolet-Aveo-LTZ-D-MT/SA-AD-89099363
2012,Ford,Fiesta,109000,4,https://soloautos.mx/usado/autos/2012-Ford-Fiesta-S-MT/SA-AD-89097368
2014,Peugeot,Partner,165000,4,https://soloautos.mx/usado/autos/2014-Peugeot-Partner-1-6-HDI-Maxi-Diesel-Nivel-1-MT/SA-AD-89090564
2015,Smart,Fortwo,178500,3,https://soloautos.mx/usado/autos/2015-Smart-Fortwo-Le-Citybeam-Coupe/SA-AD-89092831
2012,Chevrolet,Cruze,134500,4,https://soloautos.mx/usado/autos/2012-Chevrolet-Cruze-4-ptas-F/SA-AD-89074699
2013,Nissan,NP300,179000,4,https://soloautos.mx/usado/autos/2013-Nissan-NP300-Pick-Up-T-M-DH-Versión-Especial/SA-AD-89069202
2016,Peugeot,Partner,195000,4,https://soloautos.mx/usado/autos/2016-Peugeot-Partner-1-6-HDI-4p-90hp-Man-5Vel/SA-AD-89090691
2012,Toyota,Corolla,159000,4,https://soloautos.mx/usado/autos/2012-Toyota-Corolla-XRS-MT/SA-AD-89100057
2017,FIAT,Mobi,159900,4,https://soloautos.mx/usado/autos/2017-FIAT-Mobi-Way/SA-AD-89083485
2013,Mazda,Mazda3,169000,4,https://soloautos.mx/usado/autos/2013-Mazda-Mazda3-Sedan-s-TM/SA-AD-89103257
2013,Renault,Fluence,169900,4,https://soloautos.mx/usado/autos/2013-Renault-Fluence-Authentique-MT/SA-AD-89076711
2014,Ford,Fiesta,138000,4,https://soloautos.mx/usado/autos/2014-Ford-Fiesta-S-AT/SA-AD-89103038
2012,Jeep,Compass,165000,4,https://soloautos.mx/usado/autos/2012-Jeep-Compass-Sport-FWD-CVT/SA-AD-89083320
2012,Volkswagen,Beetle,179500,5,https://soloautos.mx/usado/autos/2012-Volkswagen-Beetle-2-5-Sport-Tiptronic/SA-AD-89081482
2012,Volkswagen,Gol,97000,4,https://soloautos.mx/usado/autos/2012-Volkswagen-Gol-Trendline-AC-5ptas/SA-AD-89102093
2014,Volkswagen,Vento,139000,4,https://soloautos.mx/usado/autos/2014-Volkswagen-Vento-Active-1-6-Tiptronic/SA-AD-89098478
2016,Chevrolet,Aveo,135000,4,https://soloautos.mx/usado/autos/2016-Chevrolet-Aveo-LT-C-AT/SA-AD-89045195
2013,Dodge,i10,96500,4,https://soloautos.mx/usado/autos/2013-Dodge-i10-GLS-Safty-TM-1-1L/SA-AD-89081205
2015,Nissan,Note,149900,4,https://soloautos.mx/usado/autos/2015-Nissan-Note-1-6-Advance-TM/SA-AD-89062184
2015,SEAT,Ibiza,159000,4,https://soloautos.mx/usado/autos/2015-SEAT-Ibiza-Ibiza-Style-4-Ptas-MT/SA-AD-89098909
2012,Volkswagen,Clasico,114000,4,https://soloautos.mx/usado/autos/2012-Volkswagen-Clasico-2-0-CL-TM/SA-AD-89091078
2017,Chevrolet,Aveo,165500,4,https://soloautos.mx/usado/autos/2017-Chevrolet-Aveo-LTZ-Y-AT/SA-AD-89092988
2016,Chevrolet,Aveo,142500,4,https://soloautos.mx/usado/autos/2016-Chevrolet-Aveo-LT-B-MT/SA-AD-89092987
2016,Ford,Fiesta,193000,4,https://soloautos.mx/usado/autos/2016-Ford-Fiesta-SE-AT-5-ptas/SA-AD-89082980
2012,Mazda,MAZDA5,159000,4,https://soloautos.mx/usado/autos/2012-Mazda-MAZDA5-Sport-TA/SA-AD-89047660
2016,SEAT,Toledo,189000,4,https://soloautos.mx/usado/autos/2016-SEAT-Toledo-Reference-Tiptronic/SA-AD-89099059
2017,Suzuki,Ciaz,199500,4,https://soloautos.mx/usado/autos/2017-Suzuki-Ciaz-GLX-TM/SA-AD-89061362
2016,Volkswagen,Gol,133000,4,https://soloautos.mx/usado/autos/2016-Volkswagen-Gol-5-Ptas--CL-A-A/SA-AD-88968967
2016,Volkswagen,Gol,110000,4,https://soloautos.mx/usado/autos/2016-Volkswagen-Gol-Sedan-CL-A-C/SA-AD-89086169
2017,Volkswagen,Saveiro,185000,4,https://soloautos.mx/usado/autos/2017-Volkswagen-Saveiro-Startline/SA-AD-89082243
2016,Chevrolet,Spark,135000,4,https://soloautos.mx/usado/autos/2016-Chevrolet-Spark-LT-B-TM/SA-AD-89079727
2017,Ford,Figo,169000,4,https://soloautos.mx/usado/autos/2017-Ford-Figo-ENERGY-TA-4-PTAS/SA-AD-89091415
2018,Chevrolet,Beat,187000,4,https://soloautos.mx/nuevo/autos/2018-Chevrolet-Beat-LT-B-TM/SA-AD-89073928
2016,Chevrolet,Sonic,174900,4,https://soloautos.mx/usado/autos/2016-Chevrolet-Sonic-LT-K-HB-AT/SA-AD-89072928
2016,Dodge,Attitude,169500,3,https://soloautos.mx/usado/autos/2016-Dodge-Attitude-1-2-SXT-TM/SA-AD-88945651
2015,Ford,EcoSport,199000,4,https://soloautos.mx/usado/autos/2015-Ford-EcoSport-Trend-TA/SA-AD-89090433
2012,Ford,Edge,184200,6,https://soloautos.mx/usado/autos/2012-Ford-Edge-SEL/SA-AD-89089000
2012,Mitsubishi,Outlander,174800,4,https://soloautos.mx/usado/autos/2012-Mitsubishi-Outlander-2-4L-XLS-AT/SA-AD-89094393
2012,SEAT,Leon,158000,4,https://soloautos.mx/usado/autos/2012-SEAT-Leon-1-4-TSI-10-años-QC-MT/SA-AD-89091438
2016,Toyota,Avanza,190000,4,https://soloautos.mx/usado/autos/2016-Toyota-Avanza-1-5-Premium-MT/SA-AD-89091993
2017,Volkswagen,Jetta,189900,4,https://soloautos.mx/usado/autos/2017-Volkswagen-Jetta-GLI-DSG/SA-AD-89086168
2016,Volkswagen,Vento,150500,4,https://soloautos.mx/usado/autos/2016-Volkswagen-Vento-Comfortline-TDI/SA-AD-89093050
2014,Ford,Fiesta,99900,4,https://soloautos.mx/usado/autos/2014-Ford-Fiesta-Ikon-Ford-Ikon-Ambiente-TM-A-A/SA-AD-89060376
2017,Ford,Figo,155000,4,https://soloautos.mx/usado/autos/2017-Ford-Figo-ENERGY-TM-4-PTAS/SA-AD-89075610
2015,Ford,Focus,179900,4,https://soloautos.mx/usado/autos/2015-Ford-Focus-S-MT/SA-AD-89053290
2015,Nissan,Versa,162000,4,https://soloautos.mx/usado/autos/2015-Nissan-Versa-Sense-TA-AC/SA-AD-89101102
2012,Toyota,RAV4,199000,4,https://soloautos.mx/usado/autos/2012-Toyota-RAV4-Base-3rd-Row/SA-AD-89092055
2013,Ford,Escape,189000,4,https://soloautos.mx/usado/autos/2013-Ford-Escape-SE-l4-TA/SA-AD-89102108
2017,Ford,Figo,149000,4,https://soloautos.mx/usado/autos/2017-Ford-Figo-IMPULSE-TM-A-A-4-PTAS/SA-AD-89070794
2013,Buick,Verano,195000,4,https://soloautos.mx/usado/autos/2013-Buick-Verano-2-0-1SC/SA-AD-89058680
2015,Chevrolet,Aveo,145000,4,https://soloautos.mx/usado/autos/2015-Chevrolet-Aveo-E-LTZ,-Automático,-Bluetooth,-Bolsas-de/SA-AD-89101901
2015,Chevrolet,Spark,118000,4,https://soloautos.mx/usado/autos/2015-Chevrolet-Spark-LT-B-TM/SA-AD-89067291
2016,Ford,Figo,174000,4,https://soloautos.mx/usado/autos/2016-Ford-Figo-TITANIUM-W-DEFROSTER/SA-AD-89001423
2013,Mazda,Mazda3,179000,4,https://soloautos.mx/usado/autos/2013-Mazda-Mazda3-Sedan-i-Touring-TA/SA-AD-89092924
2012,Nissan,Tsuru,99500,4,https://soloautos.mx/usado/autos/2012-Nissan-Tsuru-GSI-TM-MILLON-Y-MEDIO/SA-AD-88961758
2012,Chevrolet,Captiva,185000,6,https://soloautos.mx/usado/autos/2012-Chevrolet-Captiva-Sport-LT-Paq--C/SA-AD-89088320
2012,Dodge,Journey,199000,6,https://soloautos.mx/usado/autos/2012-Dodge-Journey-R-T/SA-AD-89098485
2013,FIAT,Strada,145900,4,https://soloautos.mx/usado/autos/2013-FIAT-Strada-Trekking-Cabina-Extendida/SA-AD-89062403
2016,FIAT,Uno,146000,4,https://soloautos.mx/usado/autos/2016-FIAT-Uno-Sporting/SA-AD-89098751
2013,Ford,Escape,198000,4,https://soloautos.mx/usado/autos/2013-Ford-Escape-S-Plus-l4-TA/SA-AD-89099002
2014,Ford,Fiesta,145000,4,https://soloautos.mx/usado/autos/2014-Ford-Fiesta-S-AT/SA-AD-89091700
2016,Ford,Fiesta,179000,4,https://soloautos.mx/usado/autos/2016-Ford-Fiesta-ST-MT-5-ptas/SA-AD-89103533
2013,Jeep,Patriot,194900,4,https://soloautos.mx/usado/autos/2013-Jeep-Patriot-Sport-FWD-CVT/SA-AD-89083487
2016,Mitsubishi,Mirage,169900,3,https://soloautos.mx/usado/autos/2016-Mitsubishi-Mirage-GLS-TM/SA-AD-89058389
2015,SEAT,Ibiza,199000,4,https://soloautos.mx/usado/autos/2015-SEAT-Ibiza-1-2T-Ibiza-FR-DSG-2-Ptas/SA-AD-88942487
2015,Chevrolet,Aveo,122000,4,https://soloautos.mx/usado/autos/2015-Chevrolet-Aveo-J-LS,-Automático-con-A-A,-con-radio/SA-AD-89096443
2016,Ford,Fiesta,175000,4,https://soloautos.mx/usado/autos/2016-Ford-Fiesta-S-MT-4-ptas/SA-AD-89103042
2014,Renault,Fluence,124900,4,https://soloautos.mx/usado/autos/2014-Renault-Fluence-Authentique-MT/SA-AD-89083036
2013,Volkswagen,Jetta,169000,5,https://soloautos.mx/usado/autos/2013-Volkswagen-Jetta-Style-Tiptronic/SA-AD-89092820
2012,Nissan,Versa,139500,4,https://soloautos.mx/usado/autos/2012-Nissan-Versa-Sense-TA-AC/SA-AD-89073713
2015,Toyota,Corolla,185000,4,https://soloautos.mx/usado/autos/2015-Toyota-Corolla-BASE-MT/SA-AD-89079659
2017,Volkswagen,Polo,169000,4,https://soloautos.mx/usado/autos/2017-Volkswagen-Polo-Allstar-Std-/SA-AD-89096874
2012,Ford,Focus,129000,4,https://soloautos.mx/usado/autos/2012-Ford-Focus-S-AT/SA-AD-89085433
2015,Volkswagen,Vento,149000,4,https://soloautos.mx/usado/autos/2015-Volkswagen-Vento-Active-1-6-MT/SA-AD-89092173
2014,Chevrolet,Aveo,128000,4,https://soloautos.mx/usado/autos/2014-Chevrolet-Aveo-C-LT-Automático,-radio,-Bluetooth/SA-AD-89104597
2016,Chevrolet,Sonic,159000,4,https://soloautos.mx/usado/autos/2016-Chevrolet-Sonic-LS-A-TM/SA-AD-89065892
2013,Dodge,i10,86000,4,https://soloautos.mx/usado/autos/2013-Dodge-i10-GL-C-Manual-1-1L/SA-AD-89060636
2012,Ford,Focus,139000,4,https://soloautos.mx/usado/autos/2012-Ford-Focus-SEL-AT-5Ptas-/SA-AD-89069591
2013,Honda,Civic,174900,4,https://soloautos.mx/usado/autos/2013-Honda-Civic-LX-AT-4-drs/SA-AD-89050478
2016,Chevrolet,Aveo,139000,4,https://soloautos.mx/usado/autos/2016-Chevrolet-Aveo-LT-C-AT/SA-AD-88990312
2015,Chevrolet,Matiz,88500,4,https://soloautos.mx/usado/autos/2015-Chevrolet-Matiz-A/SA-AD-89102844
2017,Ford,Figo,159500,4,https://soloautos.mx/usado/autos/2017-Ford-Figo-IMPULSE-TM-A-A-4-PTAS/SA-AD-89074513
2012,Jeep,Compass,174900,4,https://soloautos.mx/usado/autos/2012-Jeep-Compass-Sport-FWD-MTX/SA-AD-89062309
2017,Dodge,Attitude,155000,3,https://soloautos.mx/usado/autos/2017-Dodge-Attitude-SE-TA/SA-AD-89084208
2016,Ford,Fiesta,200000,4,https://soloautos.mx/usado/autos/2016-Ford-Fiesta-SE-AT-5-ptas/SA-AD-89050864
2012,Chevrolet,Cruze,135000,4,https://soloautos.mx/usado/autos/2012-Chevrolet-Cruze-4-ptas-F/SA-AD-89087157
2012,Ford,Fiesta,129000,4,https://soloautos.mx/usado/autos/2012-Ford-Fiesta-SE-MT/SA-AD-89003897
2014,Nissan,March,110000,4,https://soloautos.mx/usado/autos/2014-Nissan-March-Active-TM/SA-AD-89071072
2016,Toyota,Yaris,175000,4,https://soloautos.mx/usado/autos/2016-Toyota-Yaris-Sedan-Premium-AT/SA-AD-89097012
2016,Chevrolet,Aveo,139000,4,https://soloautos.mx/usado/autos/2016-Chevrolet-Aveo-LT-Paq--C-AT/SA-AD-89054644
2015,Chevrolet,Spark,125000,4,https://soloautos.mx/usado/autos/2015-Chevrolet-Spark-LT-B-TM/SA-AD-89089286
2012,FIAT,500,150000,4,https://soloautos.mx/usado/autos/2012-FIAT-500-Sport-TM/SA-AD-88987578
2015,Ford,Focus,195000,4,https://soloautos.mx/usado/autos/2015-Ford-Focus-SE-AT/SA-AD-89002586
2016,Ford,Fiesta,173000,4,https://soloautos.mx/usado/autos/2016-Ford-Fiesta-SE-AT-4-ptas/SA-AD-89096840
2017,Nissan,Versa,199900,4,https://soloautos.mx/usado/autos/2017-Nissan-Versa-Advance-AT-AC/SA-AD-89100880
2017,Toyota,Yaris,188000,4,https://soloautos.mx/usado/autos/2017-Toyota-Yaris-Sedan-Core-CVT/SA-AD-88956386
2018,Chevrolet,Beat,169600,4,https://soloautos.mx/nuevo/autos/2018-Chevrolet-Beat-LS-A-TM/SA-AD-89073941
2012,Mazda,Mazda3,129900,4,https://soloautos.mx/usado/autos/2012-Mazda-Mazda3-Sedan-i-TA/SA-AD-89094710
2014,Volkswagen,Jetta,179000,5,https://soloautos.mx/usado/autos/2014-Volkswagen-Jetta-Style-TM/SA-AD-1125058
2014,Chevrolet,Aveo,109900,4,https://soloautos.mx/usado/autos/2014-Chevrolet-Aveo-B-LT-Manual,-radio,-Bluetooth/SA-AD-89088170
2014,Peugeot,208,148500,4,https://soloautos.mx/usado/autos/2014-Peugeot-208-1-6-Feline-3ptas-TM/SA-AD-88942098
2016,Volkswagen,Gol,133000,4,https://soloautos.mx/usado/autos/2016-Volkswagen-Gol-5-Ptas--CL-A-A/SA-AD-89083790
2016,Volkswagen,Jetta,199000,4,https://soloautos.mx/usado/autos/2016-Volkswagen-Jetta-2-0Tiptronic/SA-AD-89057617
2013,Nissan,March,117000,4,https://soloautos.mx/usado/autos/2013-Nissan-March-Advance-TA/SA-AD-89103667
2016,Hyundai,Grand,149000,4,https://soloautos.mx/usado/autos/2016-Hyundai-Grand-i10-GL-Automático/SA-AD-89095077
2013,Nissan,Rogue,199500,4,https://soloautos.mx/usado/autos/2013-Nissan-Rogue-Advance/SA-AD-89072011
2017,Chevrolet,Sonic,189900,4,https://soloautos.mx/usado/autos/2017-Chevrolet-Sonic-Premier-F-TA/SA-AD-89076719
2013,Nissan,Versa,144900,4,https://soloautos.mx/usado/autos/2013-Nissan-Versa-Advance-TA-AC/SA-AD-89093726
2016,Toyota,Yaris,177000,4,https://soloautos.mx/usado/autos/2016-Toyota-Yaris-1-5-R-MID-MT/SA-AD-89079285
2016,Chevrolet,Aveo,139000,4,https://soloautos.mx/usado/autos/2016-Chevrolet-Aveo-LT-C-AT/SA-AD-89054339
2017,Chevrolet,Spark,173000,4,https://soloautos.mx/usado/autos/2017-Chevrolet-Spark-LT-F-CVT/SA-AD-89067737
2013,SEAT,Toledo,154000,4,https://soloautos.mx/usado/autos/2013-SEAT-Toledo-1-4L-TSI-Style-DSG/SA-AD-89074264
2016,Renault,Fluence,195000,4,https://soloautos.mx/usado/autos/2016-Renault-Fluence-Authentique-MT/SA-AD-89086224
2013,Dodge,Attitude,122000,4,https://soloautos.mx/usado/autos/2013-Dodge-Attitude-GL-Manual-1-4L/SA-AD-89046589
2015,Nissan,Tiida,144500,4,https://soloautos.mx/usado/autos/2015-Nissan-Tiida-Sedan-Sense-TM-AC-1-8/SA-AD-89091660
2014,Volkswagen,Clasico,143000,4,https://soloautos.mx/usado/autos/2014-Volkswagen-Clasico-2-0-CL-Team-Tiptronic/SA-AD-89073956
2017,Ford,Figo,169000,4,https://soloautos.mx/usado/autos/2017-Ford-Figo-ENERGY-TM-4-PTAS/SA-AD-89100956
2013,Mazda,Mazda6,199900,4,https://soloautos.mx/usado/autos/2013-Mazda-Mazda6-i-Grand-Touring-TA/SA-AD-89093689
2017,Toyota,Yaris,179000,4,https://soloautos.mx/usado/autos/2017-Toyota-Yaris-Sedan-Core-CVT/SA-AD-89074833
2016,Chevrolet,Sonic,174000,4,https://soloautos.mx/usado/autos/2016-Chevrolet-Sonic-LT-D-TM/SA-AD-89089660
2017,Nissan,Versa,199900,4,https://soloautos.mx/usado/autos/2017-Nissan-Versa-Advance-AT-AC/SA-AD-89100925
2016,Volkswagen,Gol,133000,4,https://soloautos.mx/usado/autos/2016-Volkswagen-Gol-5-Ptas--CL-A-A/SA-AD-89056053
2016,Volkswagen,Gol,139000,4,https://soloautos.mx/usado/autos/2016-Volkswagen-Gol-Sedan-CL-A-C/SA-AD-88988653
2016,Toyota,Yaris,175000,4,https://soloautos.mx/usado/autos/2016-Toyota-Yaris-Sedan-Premium-AT/SA-AD-89063727
2016,Chevrolet,Sonic,160000,4,https://soloautos.mx/usado/autos/2016-Chevrolet-Sonic-LT-E-TA/SA-AD-89063580
2016,Volkswagen,Gol,124000,4,https://soloautos.mx/usado/autos/2016-Volkswagen-Gol-Sedan-CL-A-C/SA-AD-89079903
2013,Chevrolet,Sonic,127000,4,https://soloautos.mx/usado/autos/2013-Chevrolet-Sonic-TA-E/SA-AD-89074257
2012,Dodge,Journey,199900,6,https://soloautos.mx/usado/autos/2012-Dodge-Journey-R-T/SA-AD-89095456
2017,Chevrolet,Sonic,190000,4,https://soloautos.mx/usado/autos/2017-Chevrolet-Sonic-LT-D-TM/SA-AD-89062664
2016,Mazda,Mazda,195000,4,https://soloautos.mx/usado/autos/2016-Mazda-Mazda-6-i-Sport-TA/SA-AD-89104219
2013,Nissan,X-TRAIL,195000,4,https://soloautos.mx/usado/autos/2013-Nissan-X-TRAIL-Advance-Tela/SA-AD-89048802
2016,Volkswagen,Gol,133000,4,https://soloautos.mx/usado/autos/2016-Volkswagen-Gol-5-Ptas--CL-A-A/SA-AD-89083787
2013,Volkswagen,Gol,95000,4,https://soloautos.mx/usado/autos/2013-Volkswagen-Gol-Comfortline-5ptas/SA-AD-89082761
2016,Volkswagen,Jetta,199000,4,https://soloautos.mx/usado/autos/2016-Volkswagen-Jetta-2-0Tiptronic/SA-AD-89097019
2012,Ford,Focus,149500,4,https://soloautos.mx/usado/autos/2012-Ford-Focus-SEL-AT-5Ptas-/SA-AD-89096180
2015,Renault,Kangoo,149000,4,https://soloautos.mx/usado/autos/2015-Renault-Kangoo-Express-1-6-Kangoo-Express-AC-MT/SA-AD-88965234
2013,SEAT,Ibiza,177000,4,https://soloautos.mx/usado/autos/2013-SEAT-Ibiza-Ibiza-FR-DSG-2-Ptas/SA-AD-88986468
2018,Nissan,Versa,199900,4,https://soloautos.mx/usado/autos/2018-Nissan-Versa-Sense-MT-AC/SA-AD-89085817
2012,Toyota,Corolla,134500,4,https://soloautos.mx/usado/autos/2012-Toyota-Corolla-LE-MT/SA-AD-89104459
2016,Toyota,Yaris,155000,4,https://soloautos.mx/usado/autos/2016-Toyota-Yaris-1-5-R-MID-MT/SA-AD-89086631
2016,Toyota,Yaris,176000,4,https://soloautos.mx/usado/autos/2016-Toyota-Yaris-Sedan-Premium-AT/SA-AD-89099062
2016,FIAT,Uno,145000,4,https://soloautos.mx/usado/autos/2016-FIAT-Uno-Sporting/SA-AD-89100406
2012,BMW,Serie,198000,6,https://soloautos.mx/usado/autos/2012-BMW-Serie-3-325iA-Business-AT/SA-AD-89104183
2015,Nissan,Sentra,179000,4,https://soloautos.mx/usado/autos/2015-Nissan-Sentra-Sense-CVT/SA-AD-89097217
2016,Volkswagen,Jetta,199000,4,https://soloautos.mx/usado/autos/2016-Volkswagen-Jetta-2-0Tip-/SA-AD-89099231
2016,Volkswagen,Jetta,194500,4,https://soloautos.mx/usado/autos/2016-Volkswagen-Jetta-2-0Tiptronic/SA-AD-89079817
2017,Renault,Stepway,169000,4,https://soloautos.mx/usado/autos/2017-Renault-Stepway-1-6-Expression-MT/SA-AD-89100741
2012,Chevrolet,Aveo,109000,4,https://soloautos.mx/usado/autos/2012-Chevrolet-Aveo-MT-D/SA-AD-89093781
2012,Ford,Focus,164900,4,https://soloautos.mx/usado/autos/2012-Ford-Focus-SEL-Plus-AT/SA-AD-89092244
2015,SEAT,Ibiza,184000,4,https://soloautos.mx/usado/autos/2015-SEAT-Ibiza-Ibiza-Blitz-I-Tech-4-Ptas-DSG/SA-AD-89069941
2014,Toyota,Corolla,199000,4,https://soloautos.mx/usado/autos/2014-Toyota-Corolla-S-MT/SA-AD-89078996
2016,Volkswagen,Jetta,199000,4,https://soloautos.mx/usado/autos/2016-Volkswagen-Jetta-2-0Tiptronic/SA-AD-89097018
2015,Nissan,Versa,175000,4,https://soloautos.mx/usado/autos/2015-Nissan-Versa-Advance-TA-AC/SA-AD-89099859
2016,Suzuki,Ciaz,179900,4,https://soloautos.mx/usado/autos/2016-Suzuki-Ciaz-1-4L-GLS-AT/SA-AD-89096887
2012,Volkswagen,Passat,180000,6,https://soloautos.mx/usado/autos/2012-Volkswagen-Passat-V6-DSG/SA-AD-89102293
2015,Chevrolet,Aveo,129900,4,https://soloautos.mx/usado/autos/2015-Chevrolet-Aveo-C-LT,-Automático-con-A-A,-alarma,-radio,/SA-AD-89055816
2013,Nissan,Tiida,127000,4,https://soloautos.mx/usado/autos/2013-Nissan-Tiida-Sedan-Advance-TM-AC-1-8/SA-AD-89077151
2015,Chrysler,200,190000,4,https://soloautos.mx/usado/autos/2015-Chrysler-200-2-4-Limited/SA-AD-89101229
2015,Volkswagen,Nuevo,120000,4,https://soloautos.mx/usado/autos/2015-Volkswagen-Nuevo-Gol-CL-TM/SA-AD-89071085
2018,Chevrolet,Beat,179000,4,https://soloautos.mx/usado/autos/2018-Chevrolet-Beat-LTZ-C-TM/SA-AD-89074197
2012,Nissan,Versa,138000,4,https://soloautos.mx/usado/autos/2012-Nissan-Versa-Advance-TA/SA-AD-89080664
2017,Volkswagen,Vento,199900,4,https://soloautos.mx/usado/autos/2017-Volkswagen-Vento-Comfortline-Tiptronic/SA-AD-89086174
2015,Renault,Logan,117000,4,https://soloautos.mx/usado/autos/2015-Renault-Logan-Expression-MT/SA-AD-89090238
2016,Chevrolet,Aveo,145000,4,https://soloautos.mx/usado/autos/2016-Chevrolet-Aveo-LS-J-AT/SA-AD-89081014
2013,Nissan,March,102000,4,https://soloautos.mx/usado/autos/2013-Nissan-March-Drive-TM/SA-AD-89090410
2014,FIAT,500,165000,4,https://soloautos.mx/usado/autos/2014-FIAT-500-Pop-TA/SA-AD-89054599
2018,Hyundai,Grand,179000,4,https://soloautos.mx/usado/autos/2018-Hyundai-Grand-i10-GL-Mid-Automático-SD/SA-AD-89062775
2013,MINI,Mini,185000,4,https://soloautos.mx/usado/autos/2013-MINI-Mini-Cooper-Salt-AT/SA-AD-88948114
2014,Nissan,Sentra,178500,4,https://soloautos.mx/usado/autos/2014-Nissan-Sentra-Advance-CVT/SA-AD-89074099
2017,Renault,Sandero,145000,4,https://soloautos.mx/usado/autos/2017-Renault-Sandero-1-6-Expression-MT/SA-AD-89043543
2013,Volkswagen,Nuevo,105000,4,https://soloautos.mx/usado/autos/2013-Volkswagen-Nuevo-Gol-CL-TM/SA-AD-89080622
2013,Honda,City,160000,4,https://soloautos.mx/usado/autos/2013-Honda-City-1-5-EX-MT/SA-AD-89104132
2016,Suzuki,Ciaz,179900,4,https://soloautos.mx/usado/autos/2016-Suzuki-Ciaz-GLS-AT/SA-AD-89100421
